txn_id,date,amount,description,reference,counterparty,bank_code
BTX-00030,2026-08-11,-255.05,Notion Labs PAYMENT INV-11581,INV-11581,Notion Labs,
BTX-00077,2026-08-10,-5437.99,Baker McKenzie PAYMENT INV-78578,INV-78578,Baker McKenzie,
BTX-00057,2026-08-21,-467.57,Slack Technologies PAYMENT INV-53583,INV-53583,Slack Technologies,
BTX-00114,2026-08-13,-201.36,Figma FX SETTLEMENT,INV-77703,Figma,
BTX-00026,2026-08-28,9269.52,Stripe Payouts PAYMENT INV-75078,INV-75078,Stripe Payouts,
BTX-00047,2026-08-12,-523.90,Slack Technologies PAYMENT INV-79807,INV-79807,Slack Technologies,
BTX-00105,2026-08-26,6970.66,CASH DEPOSIT - PayPal Settlement,,PayPal Settlement,DEP
BTX-00067,2026-08-21,-86000.00,Gusto Payroll PAYMENT INV-65132,INV-65132,Gusto Payroll,
BTX-00042,2026-08-03,-5629.32,Baker McKenzie PAYMENT INV-28889,INV-28889,Baker McKenzie,
BTX-00001,2026-08-13,26285.26,Globex Industries PAYMENT INV-95319,INV-95319,Globex Industries,
BTX-00074,2026-08-28,-873.15,Marriott PAYMENT INV-18305,INV-18305,Marriott,
BTX-00072,2026-08-04,-3225.82,Baker McKenzie PAYMENT INV-83439,INV-83439,Baker McKenzie,
BTX-00080,2026-08-09,9710.91,Stripe Payouts PAYMENT INV-97749,INV-97749,Stripe Payouts,
BTX-00096,2026-08-19,27232.35,Globex Industries BATCH REMITTANCE,,Globex Industries,
BTX-00116,2026-08-19,-403.77,Snowflake FX SETTLEMENT,INV-20022,Snowflake,
BTX-00111,2026-08-10,-37.77,FX CONVERSION MARKUP,,BANK,FEE
BTX-00008,2026-08-22,23603.84,Acme Corp PAYMENT INV-25439,INV-25439,Acme Corp,
BTX-00113,2026-08-09,-227.56,CARD MERCHANT FEE,,BANK,FEE
BTX-00003,2026-08-07,-316.64,Google Cloud Platform PAYMENT INV-14914,INV-14914,Google Cloud Platform,
BTX-00086,2026-08-15,-3039.93,Amazon Web Services PAYMENT INV-67731,INV-67731,Amazon Web Services,
BTX-00046,2026-08-11,-786.09,Snowflake PAYMENT INV-77947,INV-77947,Snowflake,
BTX-00023,2026-08-15,-1330.42,Marriott PAYMENT INV-97641,INV-97641,Marriott,
BTX-00043,2026-08-20,21450.18,Globex Industries PAYMENT INV-31160,INV-31160,Globex Industries,
BTX-00115,2026-08-21,-1054.38,Marriott FX SETTLEMENT,INV-36116,Marriott,
BTX-00005,2026-08-20,-2268.77,Delta Air Lines PAYMENT INV-26226,INV-26226,Delta Air Lines,
BTX-00050,2026-08-24,-1820.21,LinkedIn Ads PAYMENT INV-13798,INV-13798,LinkedIn Ads,
BTX-00019,2026-08-29,-86000.00,Gusto Payroll PAYMENT INV-51123,INV-51123,Gusto Payroll,
BTX-00106,2026-08-28,23900.88,CASH DEPOSIT - Globex Industries,,Globex Industries,DEP
BTX-00045,2026-08-27,-1103.51,Google Ads PAYMENT INV-79220,INV-79220,Google Ads,
BTX-00040,2026-08-13,-12400.00,WeWork PAYMENT INV-55533,INV-55533,WeWork,
BTX-00108,2026-08-20,-13.40,ACH RETURN FEE,,BANK,FEE
BTX-00092,2026-08-10,7959.09,Stripe Payouts BATCH REMITTANCE,,Stripe Payouts,
BTX-00090,2026-08-30,-90.46,Notion Labs PAYMENT INV-98601,INV-98601,Notion Labs,
BTX-00038,2026-08-20,-2051.49,Amazon Web Services PAYMENT INV-23299,INV-23299,Amazon Web Services,
BTX-00122,2026-08-13,-692.95,Slack Technologies PAYMENT INV-10228,INV-10228,Slack Technologies,
BTX-00076,2026-08-19,-597.94,Datadog PAYMENT INV-76605,INV-76605,Datadog,
BTX-00073,2026-08-06,6273.94,Stripe Payouts PAYMENT INV-22811,INV-22811,Stripe Payouts,
BTX-00125,2026-08-13,100.63,REVERSAL OF ERRONEOUS DEBIT,,BANK,INT
BTX-00112,2026-08-01,-902.94,PROCESSING FEE STRIPE,,BANK,FEE
BTX-00002,2026-08-08,-585.96,Snowflake PAYMENT INV-57931,INV-57931,Snowflake,
BTX-00127,2026-08-14,15.71,INTEREST PAID,,BANK,INT
BTX-00091,2026-08-09,34040.00,Globex Industries BATCH REMITTANCE,,Globex Industries,
BTX-00084,2026-08-19,-271.45,Slack Technologies PAYMENT INV-62928,INV-62928,Slack Technologies,
BTX-00024,2026-08-16,-436.40,Amazon Web Services PAYMENT INV-32026,INV-32026,Amazon Web Services,
BTX-00075,2026-08-21,18471.90,Globex Industries PAYMENT INV-89447,INV-89447,Globex Industries,
BTX-00068,2026-08-17,-171.09,Notion Labs PAYMENT INV-76918,INV-76918,Notion Labs,
BTX-00119,2026-08-14,-6578.86,CDW PAYMENT INV-40327,INV-40327,CDW,
BTX-00102,2026-08-06,4504.80,STRIPE PAYOUT - DAILY SETTLEMENT,,Stripe Payouts,
BTX-00060,2026-08-09,-469.27,Marriott PAYMENT INV-90160,INV-90160,Marriott,
BTX-00012,2026-08-20,-839.41,Datadog PAYMENT INV-66045,INV-66045,Datadog,
BTX-00006,2026-08-22,-86000.00,Gusto Payroll PAYMENT INV-86748,INV-86748,Gusto Payroll,
BTX-00070,2026-08-24,-678.08,Slack Technologies PAYMENT INV-25772,INV-25772,Slack Technologies,
BTX-00013,2026-08-17,-833.82,Marriott PAYMENT INV-57393,INV-57393,Marriott,
BTX-00087,2026-08-24,-12400.00,WeWork PAYMENT INV-48725,INV-48725,WeWork,
BTX-00009,2026-08-22,29530.81,Acme Corp PAYMENT INV-33688,INV-33688,Acme Corp,
BTX-00028,2026-08-11,-481.95,Delta Air Lines PAYMENT INV-64433,INV-64433,Delta Air Lines,
BTX-00117,2026-08-08,4327.06,PayPal Settlement FX SETTLEMENT,INV-19779,PayPal Settlement,
BTX-00049,2026-08-25,15365.83,Stripe Payouts PAYMENT INV-39719,INV-39719,Stripe Payouts,
BTX-00069,2026-08-21,-518.76,Marriott PAYMENT INV-10515,INV-10515,Marriott,
BTX-00059,2026-08-05,-64.96,Slack Technologies PAYMENT INV-29811,INV-29811,Slack Technologies,
BTX-00029,2026-08-06,-12400.00,WeWork PAYMENT INV-20876,INV-20876,WeWork,
BTX-00015,2026-08-19,-86000.00,Gusto Payroll PAYMENT INV-55020,INV-55020,Gusto Payroll,
BTX-00123,2026-08-04,-3572.53,CARD NOT PRESENT TXN 8842XYZ,,UNKNOWN,POS
BTX-00064,2026-08-11,-1415.57,Datadog PAYMENT INV-48399,INV-48399,Datadog,
BTX-00065,2026-08-15,14573.36,Stripe Payouts PAYMENT INV-43995,INV-43995,Stripe Payouts,
BTX-00103,2026-08-27,23054.80,CASH DEPOSIT - Globex Industries,,Globex Industries,DEP
BTX-00010,2026-08-07,-86000.00,Gusto Payroll PAYMENT INV-58810,INV-58810,Gusto Payroll,
BTX-00021,2026-08-16,-388.51,Snowflake PAYMENT INV-97051,INV-97051,Snowflake,
BTX-00089,2026-08-04,-1475.10,Snowflake PAYMENT INV-33796,INV-33796,Snowflake,
BTX-00016,2026-08-07,31576.28,Acme Corp PAYMENT INV-25475,INV-25475,Acme Corp,
BTX-00051,2026-08-09,4883.47,PayPal Settlement PAYMENT INV-89316,INV-89316,PayPal Settlement,
BTX-00062,2026-08-01,-4784.38,Google Ads PAYMENT INV-95154,INV-95154,Google Ads,
BTX-00078,2026-08-08,-1204.05,Google Ads PAYMENT INV-68658,INV-68658,Google Ads,
BTX-00031,2026-08-11,-86000.00,Gusto Payroll PAYMENT INV-10536,INV-10536,Gusto Payroll,
BTX-00120,2026-08-03,-1419.45,Datadog PAYMENT INV-74447,INV-74447,Datadog,
BTX-00034,2026-08-29,-315.77,Marriott PAYMENT INV-99204,INV-99204,Marriott,
BTX-00033,2026-08-17,-126.66,Notion Labs PAYMENT INV-90949,INV-90949,Notion Labs,
BTX-00039,2026-09-01,-7136.79,CDW PAYMENT INV-37256,INV-37256,CDW,
BTX-00088,2026-08-26,-1719.44,Snowflake PAYMENT INV-39957,INV-39957,Snowflake,
BTX-00044,2026-08-18,-3613.47,Amazon Web Services PAYMENT INV-57415,INV-57415,Amazon Web Services,
BTX-00054,2026-08-20,8961.90,Globex Industries PAYMENT INV-89988,INV-89988,Globex Industries,
BTX-00061,2026-08-16,-4241.85,Baker McKenzie PAYMENT INV-30435,INV-30435,Baker McKenzie,
BTX-00022,2026-08-14,-764.79,Google Cloud Platform PAYMENT INV-94820,INV-94820,Google Cloud Platform,
BTX-00017,2026-08-14,-2033.78,Delta Air Lines PAYMENT INV-29920,INV-29920,Delta Air Lines,
BTX-00109,2026-08-03,-45.51,FX CONVERSION MARKUP,,BANK,FEE
BTX-00095,2026-08-09,12025.15,Stripe Payouts BATCH REMITTANCE,,Stripe Payouts,
BTX-00063,2026-08-06,-1101.41,LinkedIn Ads PAYMENT INV-66860,INV-66860,LinkedIn Ads,
BTX-00118,2026-08-15,-111.84,Notion Labs FX SETTLEMENT,INV-27380,Notion Labs,
BTX-00083,2026-08-17,-342.86,Figma PAYMENT INV-31337,INV-31337,Figma,
BTX-00018,2026-08-26,-2312.96,Delta Air Lines PAYMENT INV-20173,INV-20173,Delta Air Lines,
BTX-00079,2026-08-15,-2130.00,Delta Air Lines PAYMENT INV-51416,INV-51416,Delta Air Lines,
BTX-00058,2026-08-25,-12400.00,WeWork PAYMENT INV-21130,INV-21130,WeWork,
BTX-00053,2026-08-09,-1547.26,Snowflake PAYMENT INV-71614,INV-71614,Snowflake,
BTX-00094,2026-08-08,12532.39,Initech LLC BATCH REMITTANCE,,Initech LLC,
BTX-00121,2026-08-07,-1078.60,Datadog PAYMENT INV-64549,INV-64549,Datadog,
BTX-00011,2026-08-23,-2053.08,Google Ads PAYMENT INV-17812,INV-17812,Google Ads,
BTX-00093,2026-08-31,35857.75,Acme Corp BATCH REMITTANCE,,Acme Corp,
BTX-00027,2026-08-19,-456.59,Slack Technologies PAYMENT INV-46416,INV-46416,Slack Technologies,
BTX-00100,2026-08-03,3448.78,STRIPE PAYOUT - DAILY SETTLEMENT,,Stripe Payouts,
BTX-00071,2026-08-21,-1781.78,Google Cloud Platform PAYMENT INV-79563,INV-79563,Google Cloud Platform,
BTX-00052,2026-08-26,-465.87,Marriott PAYMENT INV-55812,INV-55812,Marriott,
BTX-00081,2026-08-07,-95.97,Figma PAYMENT INV-94339,INV-94339,Figma,
BTX-00098,2026-08-20,28909.37,Globex Industries BATCH REMITTANCE,,Globex Industries,
BTX-00104,2026-08-26,36632.07,CASH DEPOSIT - Acme Corp,,Acme Corp,DEP
BTX-00004,2026-08-12,-1471.66,Delta Air Lines PAYMENT INV-21889,INV-21889,Delta Air Lines,
BTX-00055,2026-08-12,-2226.41,Baker McKenzie PAYMENT INV-94296,INV-94296,Baker McKenzie,
BTX-00101,2026-08-18,4500.46,STRIPE PAYOUT - DAILY SETTLEMENT,,Stripe Payouts,
BTX-00048,2026-08-09,-2276.94,LinkedIn Ads PAYMENT INV-90377,INV-90377,LinkedIn Ads,
BTX-00099,2026-08-14,4067.22,STRIPE PAYOUT - DAILY SETTLEMENT,,Stripe Payouts,
BTX-00025,2026-08-08,-295.62,Figma PAYMENT INV-47674,INV-47674,Figma,
BTX-00041,2026-08-07,9138.12,Initech LLC PAYMENT INV-73972,INV-73972,Initech LLC,
BTX-00066,2026-08-05,-548.09,Delta Air Lines PAYMENT INV-56371,INV-56371,Delta Air Lines,
BTX-00056,2026-08-29,-89.66,Figma PAYMENT INV-36125,INV-36125,Figma,
BTX-00035,2026-08-16,-12400.00,WeWork PAYMENT INV-23570,INV-23570,WeWork,
BTX-00032,2026-08-22,-1213.21,Delta Air Lines PAYMENT INV-84231,INV-84231,Delta Air Lines,
BTX-00020,2026-08-19,10821.18,Initech LLC PAYMENT INV-69795,INV-69795,Initech LLC,
BTX-00082,2026-08-06,-249.13,Notion Labs PAYMENT INV-71307,INV-71307,Notion Labs,
BTX-00037,2026-08-20,-700.85,Slack Technologies PAYMENT INV-16891,INV-16891,Slack Technologies,
BTX-00085,2026-08-13,-1965.45,Delta Air Lines PAYMENT INV-22084,INV-22084,Delta Air Lines,
BTX-00107,2026-08-22,-29.19,MONTHLY SERVICE CHARGE,,BANK,FEE
BTX-00124,2026-08-24,-3080.79,ATM WITHDRAWAL OUT OF NETWORK,,UNKNOWN,POS
BTX-00014,2026-08-23,15018.50,Stripe Payouts PAYMENT INV-41994,INV-41994,Stripe Payouts,
BTX-00126,2026-08-19,239.73,REVERSAL OF ERRONEOUS DEBIT,,BANK,INT
BTX-00007,2026-08-03,-149.60,Google Cloud Platform PAYMENT INV-82963,INV-82963,Google Cloud Platform,
BTX-00110,2026-08-09,-1567.07,PROCESSING FEE STRIPE,,BANK,FEE
BTX-00036,2026-08-06,-12400.00,WeWork PAYMENT INV-37363,INV-37363,WeWork,
BTX-00097,2026-08-20,13481.15,Initech LLC BATCH REMITTANCE,,Initech LLC,
